"Source:","/Users/masonmann/Documents/KiCad/Drum Machine/harware_design/DrumMachineControlBoard/DrumMachineControlBoard.sch"
"Date:","Wednesday, November 16, 2022 at 06:06:14 PM"
"Tool:","Eeschema (5.1.2-1)-1"
"Generator:","/Applications/KiCad/kicad.app/Contents/SharedSupport/plugins/bom_csv_grouped_by_value_with_fp.py"
"Component Count:","617"
"Ref","Qnty","Value","Cmp name","Footprint","Description","Vendor"
"C1, C2, C3, C4, C16, ","5","10n","C_Small","Capacitor_SMD:C_0603_1608Metric_Pad1.05x0.95mm_HandSolder","Unpolarized capacitor, small symbol",""
"C5, ","1","47u","CP1_Small","Capacitor_SMD:CP_Elec_8x6.2","Polarized capacitor, small US symbol",""
"C6, C15, C30, C35, C34, ","5","1u","CP1_Small","Capacitor_SMD:CP_Elec_4x4.5","Polarized capacitor, small US symbol",""
"C8, C7, C37, C24, C63, C64, C39, C38, ","8","10u","CP1_Small","Capacitor_SMD:CP_Elec_5x5.3","Polarized capacitor, small US symbol",""
"C9, C10, C11, ","3","6n8","C_Small","Capacitor_SMD:C_0603_1608Metric_Pad1.05x0.95mm_HandSolder","Unpolarized capacitor, small symbol",""
"C12, ","1","560p","C_Small","Capacitor_SMD:C_0603_1608Metric_Pad1.05x0.95mm_HandSolder","Unpolarized capacitor, small symbol",""
"C13, ","1","18p","C_Small","Capacitor_SMD:C_0603_1608Metric_Pad1.05x0.95mm_HandSolder","Unpolarized capacitor, small symbol",""
"C14, ","1","100p","C_Small","Capacitor_SMD:C_0603_1608Metric_Pad1.05x0.95mm_HandSolder","Unpolarized capacitor, small symbol",""
"C17, ","1","4u7","CP1_Small","Capacitor_SMD:CP_Elec_4x4.5","Polarized capacitor, small US symbol",""
"C36, C25, C18, C19, C20, C21, C23, C22, C26, C27, C28, C29, C31, C32, C33, C40, C41, C42, C43, C44, C45, C46, C47, C49, C51, C48, C50, C52, C53, C54, C55, C57, C56, C59, C58, C60, C61, C62, C69, C70, ","40","100n","C_Small","Capacitor_SMD:C_0603_1608Metric_Pad1.05x0.95mm_HandSolder","Unpolarized capacitor, small symbol",""
"C66, C65, ","2","47n","C_Small","Capacitor_SMD:C_0603_1608Metric_Pad1.05x0.95mm_HandSolder","Unpolarized capacitor, small symbol",""
"C68, C67, ","2","220u","CP1_Small","Capacitor_THT:CP_Radial_D5.0mm_P2.0mm_Bigger_Holes","Polarized capacitor, small US symbol",""
"D1, ","1","RED_16","LED","LED_THT:LED_D3.0mm","Light emitting diode",""
"D2, ","1","RED_32","LED","LED_THT:LED_D3.0mm","Light emitting diode",""
"D3, ","1","RED_48","LED","LED_THT:LED_D3.0mm","Light emitting diode",""
"D4, ","1","RED_64","LED","LED_THT:LED_D3.0mm","Light emitting diode",""
"D7, D6, D5, D20, ","4","1N4148","D_Small","Diode_SMD:D_SOD-123","Diode, small symbol",""
"D27, D8, D9, D10, D11, D12, D13, D14, D15, D16, D17, D18, D19, D21, ","14","D_Small","D_Small","Diode_SMD:D_SOD-123","Diode, small symbol",""
"J1, ","1","TWS_ATT_IN","Conn_01x01_Female","Connector_Wire:SolderWirePad_1x01_Drill1mm","Generic connector, single row, 01x01, script generated (kicad-library-utils/schlib/autogen/connector/)",""
"J2, ","1","Mix_Out","AudioJack_Switched_Mono","Connector_Wire:SolderWirePad_1x01_Drill1mm","",""
"J3, ","1","BD_TRIG_IN","AudioJack_Switched_Mono","mason_parts:PJ301-BM","",""
"J4, ","1","SN_TRIG_IN","AudioJack_Switched_Mono","mason_parts:PJ301-BM","",""
"J5, ","1","CYN1_TRIG_IN","AudioJack_Switched_Mono","mason_parts:PJ301-BM","",""
"J6, ","1","CYN2_TRIG_IN","AudioJack_Switched_Mono","mason_parts:PJ301-BM","",""
"J7, ","1","GLITCH_TRIG_IN","AudioJack_Switched_Mono","mason_parts:PJ301-BM","",""
"J8, ","1","DIGI1_TRIG_IN","AudioJack_Switched_Mono","mason_parts:PJ301-BM","",""
"J9, ","1","DIGI2_TRIG_IN","AudioJack_Switched_Mono","mason_parts:PJ301-BM","",""
"J10, ","1","DIGI3_TRIG_IN","AudioJack_Switched_Mono","mason_parts:PJ301-BM","",""
"J11, ","1","MIDI IN","DIN-5_180degree","mason_parts:DIN5_MIDI","5-pin DIN connector (5-pin DIN-5 stereo)",""
"J12, ","1","MIDI THRU","DIN-5_180degree","mason_parts:DIN5_MIDI","5-pin DIN connector (5-pin DIN-5 stereo)",""
"J13, ","1","MIDI OUT","DIN-5_180degree","mason_parts:DIN5_MIDI","5-pin DIN connector (5-pin DIN-5 stereo)",""
"J14, ","1","BD_Noise","Conn_01x01_Female","Connector_Wire:SolderWirePad_1x01_Drill1mm","Generic connector, single row, 01x01, script generated (kicad-library-utils/schlib/autogen/connector/)",""
"J15, ","1","Snare_Noise","Conn_01x01_Female","Connector_Wire:SolderWirePad_1x01_Drill1mm","Generic connector, single row, 01x01, script generated (kicad-library-utils/schlib/autogen/connector/)",""
"J16, ","1","spk_Conn","Conn_01x02_Male","Connector_JST:JST_XH_B2B-XH-A_1x02_P2.50mm_Vertical","Generic connector, single row, 01x02, script generated (kicad-library-utils/schlib/autogen/connector/)",""
"J17, ","1","out1W","Conn_01x01_Female","Connector_Wire:SolderWirePad_1x01_Drill1mm","Generic connector, single row, 01x01, script generated (kicad-library-utils/schlib/autogen/connector/)",""
"J18, ","1","env3","Conn_01x01_Female","Connector_Wire:SolderWirePad_1x01_Drill1mm","Generic connector, single row, 01x01, script generated (kicad-library-utils/schlib/autogen/connector/)",""
"J19, ","1","lvl1","Conn_01x01_Female","Connector_Wire:SolderWirePad_1x01_Drill1mm","Generic connector, single row, 01x01, script generated (kicad-library-utils/schlib/autogen/connector/)",""
"J20, ","1","noiseA","Conn_01x01_Female","Connector_Wire:SolderWirePad_1x01_Drill1mm","Generic connector, single row, 01x01, script generated (kicad-library-utils/schlib/autogen/connector/)",""
"J21, ","1","DEL_SEND","Conn_01x01_Female","Connector_Wire:SolderWirePad_1x01_Drill1mm","Generic connector, single row, 01x01, script generated (kicad-library-utils/schlib/autogen/connector/)",""
"J22, ","1","DEL_REC","Conn_01x01_Female","Connector_Wire:SolderWirePad_1x01_Drill1mm","Generic connector, single row, 01x01, script generated (kicad-library-utils/schlib/autogen/connector/)",""
"J23, ","1","Teensy_Audio_OUT_R","Conn_01x01_Female","Connector_Wire:SolderWirePad_1x01_Drill1mm","Generic connector, single row, 01x01, script generated (kicad-library-utils/schlib/autogen/connector/)",""
"J24, ","1","freqA","Conn_01x01_Female","Connector_Wire:SolderWirePad_1x01_Drill1mm","Generic connector, single row, 01x01, script generated (kicad-library-utils/schlib/autogen/connector/)",""
"J25, ","1","env2","Conn_01x01_Female","Connector_Wire:SolderWirePad_1x01_Drill1mm","Generic connector, single row, 01x01, script generated (kicad-library-utils/schlib/autogen/connector/)",""
"J26, ","1","lvl3W","Conn_01x01_Female","Connector_Wire:SolderWirePad_1x01_Drill1mm","Generic connector, single row, 01x01, script generated (kicad-library-utils/schlib/autogen/connector/)",""
"J27, ","1","noise/shimA","Conn_01x01_Female","Connector_Wire:SolderWirePad_1x01_Drill1mm","Generic connector, single row, 01x01, script generated (kicad-library-utils/schlib/autogen/connector/)",""
"J28, ","1","Teensy_Audio_OUT_L","Conn_01x01_Female","Connector_Wire:SolderWirePad_1x01_Drill1mm","Generic connector, single row, 01x01, script generated (kicad-library-utils/schlib/autogen/connector/)",""
"J29, ","1","CYNCM_A","Conn_01x01_Female","Connector_Wire:SolderWirePad_1x01_Drill1mm","Generic connector, single row, 01x01, script generated (kicad-library-utils/schlib/autogen/connector/)",""
"J30, ","1","HP_A","Conn_01x01_Female","Connector_Wire:SolderWirePad_1x01_Drill1mm","Generic connector, single row, 01x01, script generated (kicad-library-utils/schlib/autogen/connector/)",""
"J31, ","1","out3","Conn_01x01_Female","Connector_Wire:SolderWirePad_1x01_Drill1mm","Generic connector, single row, 01x01, script generated (kicad-library-utils/schlib/autogen/connector/)",""
"J32, ","1","env1","Conn_01x01_Female","Connector_Wire:SolderWirePad_1x01_Drill1mm","Generic connector, single row, 01x01, script generated (kicad-library-utils/schlib/autogen/connector/)",""
"J33, ","1","filter_CV","Conn_01x01_Female","Connector_Wire:SolderWirePad_1x01_Drill1mm","Generic connector, single row, 01x01, script generated (kicad-library-utils/schlib/autogen/connector/)",""
"J34, ","1","shimA","Conn_01x01_Female","Connector_Wire:SolderWirePad_1x01_Drill1mm","Generic connector, single row, 01x01, script generated (kicad-library-utils/schlib/autogen/connector/)",""
"J35, ","1","BP_A","Conn_01x01_Female","Connector_Wire:SolderWirePad_1x01_Drill1mm","Generic connector, single row, 01x01, script generated (kicad-library-utils/schlib/autogen/connector/)",""
"J36, ","1","LP_A","Conn_01x01_Female","Connector_Wire:SolderWirePad_1x01_Drill1mm","Generic connector, single row, 01x01, script generated (kicad-library-utils/schlib/autogen/connector/)",""
"J37, ","1","CYNCM_B","Conn_01x01_Female","Connector_Wire:SolderWirePad_1x01_Drill1mm","Generic connector, single row, 01x01, script generated (kicad-library-utils/schlib/autogen/connector/)",""
"J38, ","1","res1A","Conn_01x01_Female","Connector_Wire:SolderWirePad_1x01_Drill1mm","Generic connector, single row, 01x01, script generated (kicad-library-utils/schlib/autogen/connector/)",""
"J39, ","1","dec1A","Conn_01x01_Female","Connector_Wire:SolderWirePad_1x01_Drill1mm","Generic connector, single row, 01x01, script generated (kicad-library-utils/schlib/autogen/connector/)",""
"J40, ","1","mix_out","Conn_01x01_Female","Connector_Wire:SolderWirePad_1x01_Drill1mm","Generic connector, single row, 01x01, script generated (kicad-library-utils/schlib/autogen/connector/)",""
"J41, ","1","HP_B","Conn_01x01_Female","Connector_Wire:SolderWirePad_1x01_Drill1mm","Generic connector, single row, 01x01, script generated (kicad-library-utils/schlib/autogen/connector/)",""
"J42, ","1","BP_B","Conn_01x01_Female","Connector_Wire:SolderWirePad_1x01_Drill1mm","Generic connector, single row, 01x01, script generated (kicad-library-utils/schlib/autogen/connector/)",""
"J43, ","1","LP_B","Conn_01x01_Female","Connector_Wire:SolderWirePad_1x01_Drill1mm","Generic connector, single row, 01x01, script generated (kicad-library-utils/schlib/autogen/connector/)",""
"J44, ","1","res23A","Conn_01x01_Female","Connector_Wire:SolderWirePad_1x01_Drill1mm","Generic connector, single row, 01x01, script generated (kicad-library-utils/schlib/autogen/connector/)",""
"J45, ","1","dec23A","Conn_01x01_Female","Connector_Wire:SolderWirePad_1x01_Drill1mm","Generic connector, single row, 01x01, script generated (kicad-library-utils/schlib/autogen/connector/)",""
"J46, ","1","Clock_Out","Conn_01x01_Female","Connector_Wire:SolderWirePad_1x01_Drill1mm","Generic connector, single row, 01x01, script generated (kicad-library-utils/schlib/autogen/connector/)",""
"J47, ","1","PWR_CONN","Conn_01x05_Male","Connector_JST:JST_XH_B5B-XH-A_1x05_P2.50mm_Vertical","Generic connector, single row, 01x05, script generated (kicad-library-utils/schlib/autogen/connector/)",""
"J48, ","1","SNARE_PWR","Conn_01x03_Male","Connector_JST:JST_XH_B3B-XH-A_1x03_P2.50mm_Vertical","Generic connector, single row, 01x03, script generated (kicad-library-utils/schlib/autogen/connector/)",""
"J49, ","1","BD_PWR","Conn_01x03_Male","Connector_JST:JST_XH_B3B-XH-A_1x03_P2.50mm_Vertical","Generic connector, single row, 01x03, script generated (kicad-library-utils/schlib/autogen/connector/)",""
"J50, ","1","CYN1_PWR","Conn_01x03_Male","Connector_JST:JST_XH_B3B-XH-A_1x03_P2.50mm_Vertical","Generic connector, single row, 01x03, script generated (kicad-library-utils/schlib/autogen/connector/)",""
"J51, ","1","CYN2_PWR","Conn_01x03_Male","Connector_JST:JST_XH_B3B-XH-A_1x03_P2.50mm_Vertical","Generic connector, single row, 01x03, script generated (kicad-library-utils/schlib/autogen/connector/)",""
"J52, ","1","TWS_PWR","Conn_01x03_Male","Connector_JST:JST_XH_B3B-XH-A_1x03_P2.50mm_Vertical","Generic connector, single row, 01x03, script generated (kicad-library-utils/schlib/autogen/connector/)",""
"J53, ","1","Filter_IN","Conn_01x01_Female","Connector_Wire:SolderWirePad_1x01_Drill1mm","Generic connector, single row, 01x01, script generated (kicad-library-utils/schlib/autogen/connector/)",""
"J54, ","1","Teensy_27","Conn_01x01_Female","Connector_Wire:SolderWirePad_1x01_Drill1mm","Generic connector, single row, 01x01, script generated (kicad-library-utils/schlib/autogen/connector/)",""
"J55, ","1","SR_AUX_1","Conn_01x01_Female","Connector_Wire:SolderWirePad_1x01_Drill1mm","Generic connector, single row, 01x01, script generated (kicad-library-utils/schlib/autogen/connector/)",""
"J56, ","1","SR_AUX_2","Conn_01x01_Female","Connector_Wire:SolderWirePad_1x01_Drill1mm","Generic connector, single row, 01x01, script generated (kicad-library-utils/schlib/autogen/connector/)",""
"J57, ","1","Env_1B","Conn_01x01_Female","Connector_Wire:SolderWirePad_1x01_Drill1mm","Generic connector, single row, 01x01, script generated (kicad-library-utils/schlib/autogen/connector/)",""
"J58, ","1","SR_AUX_3","Conn_01x01_Female","Connector_Wire:SolderWirePad_1x01_Drill1mm","Generic connector, single row, 01x01, script generated (kicad-library-utils/schlib/autogen/connector/)",""
"J59, ","1","noiseB","Conn_01x01_Female","Connector_Wire:SolderWirePad_1x01_Drill1mm","Generic connector, single row, 01x01, script generated (kicad-library-utils/schlib/autogen/connector/)",""
"J60, ","1","SR_AUX_4","Conn_01x01_Female","Connector_Wire:SolderWirePad_1x01_Drill1mm","Generic connector, single row, 01x01, script generated (kicad-library-utils/schlib/autogen/connector/)",""
"J61, ","1","AN_IN_AUX_1","Conn_01x01_Female","Connector_Wire:SolderWirePad_1x01_Drill1mm","Generic connector, single row, 01x01, script generated (kicad-library-utils/schlib/autogen/connector/)",""
"J62, ","1","AN_IN_AUX_2","Conn_01x01_Female","Connector_Wire:SolderWirePad_1x01_Drill1mm","Generic connector, single row, 01x01, script generated (kicad-library-utils/schlib/autogen/connector/)",""
"J63, ","1","freqB","Conn_01x01_Female","Connector_Wire:SolderWirePad_1x01_Drill1mm","Generic connector, single row, 01x01, script generated (kicad-library-utils/schlib/autogen/connector/)",""
"J64, ","1","Env_2B","Conn_01x01_Female","Connector_Wire:SolderWirePad_1x01_Drill1mm","Generic connector, single row, 01x01, script generated (kicad-library-utils/schlib/autogen/connector/)",""
"J65, ","1","AN_IN_AUX_3","Conn_01x01_Female","Connector_Wire:SolderWirePad_1x01_Drill1mm","Generic connector, single row, 01x01, script generated (kicad-library-utils/schlib/autogen/connector/)",""
"J66, ","1","noise/shimB","Conn_01x01_Female","Connector_Wire:SolderWirePad_1x01_Drill1mm","Generic connector, single row, 01x01, script generated (kicad-library-utils/schlib/autogen/connector/)",""
"J67, ","1","AN_IN_AUX_4","Conn_01x01_Female","Connector_Wire:SolderWirePad_1x01_Drill1mm","Generic connector, single row, 01x01, script generated (kicad-library-utils/schlib/autogen/connector/)",""
"J68, ","1","AN_IN_AUX_5","Conn_01x01_Female","Connector_Wire:SolderWirePad_1x01_Drill1mm","Generic connector, single row, 01x01, script generated (kicad-library-utils/schlib/autogen/connector/)",""
"J69, ","1","SR_AUX_6","Conn_01x01_Female","Connector_Wire:SolderWirePad_1x01_Drill1mm","Generic connector, single row, 01x01, script generated (kicad-library-utils/schlib/autogen/connector/)",""
"J70, ","1","SR_AUX_5","Conn_01x01_Female","Connector_Wire:SolderWirePad_1x01_Drill1mm","Generic connector, single row, 01x01, script generated (kicad-library-utils/schlib/autogen/connector/)",""
"J71, ","1","Env_3B","Conn_01x01_Female","Connector_Wire:SolderWirePad_1x01_Drill1mm","Generic connector, single row, 01x01, script generated (kicad-library-utils/schlib/autogen/connector/)",""
"J72, ","1","TWS_ATT_OUT","Conn_01x01_Female","Connector_Wire:SolderWirePad_1x01_Drill1mm","Generic connector, single row, 01x01, script generated (kicad-library-utils/schlib/autogen/connector/)",""
"J73, ","1","shimB","Conn_01x01_Female","Connector_Wire:SolderWirePad_1x01_Drill1mm","Generic connector, single row, 01x01, script generated (kicad-library-utils/schlib/autogen/connector/)",""
"J74, ","1","Barrel_Jack","Barrel_Jack","mason_parts:BarrelJack_Horizontal","DC Barrel Jack",""
"J75, ","1","MIX_LINE","AudioJack2_Dual_Switch","mason_parts:NMJ4HFD2","Audio Jack, Dual, 2 Poles (Mono / TS), Switched Pole (Normalling)",""
"J76, ","1","MIX_HEADPHONE","AudioJack3_Dual_Switch","mason_parts:NRJ6HH-AU","Audio Jack, Dual, 3 Poles (Stereo / TRS), Switched Poles (Normalling)",""
"J77, ","1","res1B","Conn_01x01_Female","Connector_Wire:SolderWirePad_1x01_Drill1mm","Generic connector, single row, 01x01, script generated (kicad-library-utils/schlib/autogen/connector/)",""
"J78, ","1","dec1B","Conn_01x01_Female","Connector_Wire:SolderWirePad_1x01_Drill1mm","Generic connector, single row, 01x01, script generated (kicad-library-utils/schlib/autogen/connector/)",""
"J79, ","1","Conn_01x03_Male","Conn_01x03_Male","Connector_JST:JST_XH_B3B-XH-A_1x03_P2.50mm_Vertical","Generic connector, single row, 01x03, script generated (kicad-library-utils/schlib/autogen/connector/)",""
"J80, ","1","CYNA1-1","Conn_01x01_Female","Connector_Wire:SolderWirePad_1x01_Drill1mm","Generic connector, single row, 01x01, script generated (kicad-library-utils/schlib/autogen/connector/)",""
"J81, ","1","CYNA2-1","Conn_01x01_Female","Connector_Wire:SolderWirePad_1x01_Drill1mm","Generic connector, single row, 01x01, script generated (kicad-library-utils/schlib/autogen/connector/)",""
"J82, ","1","CYNA3-1","Conn_01x01_Female","Connector_Wire:SolderWirePad_1x01_Drill1mm","Generic connector, single row, 01x01, script generated (kicad-library-utils/schlib/autogen/connector/)",""
"J83, ","1","res23B","Conn_01x01_Female","Connector_Wire:SolderWirePad_1x01_Drill1mm","Generic connector, single row, 01x01, script generated (kicad-library-utils/schlib/autogen/connector/)",""
"J84, ","1","dec23B","Conn_01x01_Female","Connector_Wire:SolderWirePad_1x01_Drill1mm","Generic connector, single row, 01x01, script generated (kicad-library-utils/schlib/autogen/connector/)",""
"J85, ","1","CYNA4-1","Conn_01x01_Female","Connector_Wire:SolderWirePad_1x01_Drill1mm","Generic connector, single row, 01x01, script generated (kicad-library-utils/schlib/autogen/connector/)",""
"J86, ","1","CYNA5-1","Conn_01x01_Female","Connector_Wire:SolderWirePad_1x01_Drill1mm","Generic connector, single row, 01x01, script generated (kicad-library-utils/schlib/autogen/connector/)",""
"J87, ","1","CYNA6-1","Conn_01x01_Female","Connector_Wire:SolderWirePad_1x01_Drill1mm","Generic connector, single row, 01x01, script generated (kicad-library-utils/schlib/autogen/connector/)",""
"J88, ","1","CYNA1-W3","Conn_01x01_Female","Connector_Wire:SolderWirePad_1x01_Drill1mm","Generic connector, single row, 01x01, script generated (kicad-library-utils/schlib/autogen/connector/)",""
"J89, ","1","CYNA2-W3","Conn_01x01_Female","Connector_Wire:SolderWirePad_1x01_Drill1mm","Generic connector, single row, 01x01, script generated (kicad-library-utils/schlib/autogen/connector/)",""
"J90, ","1","CYNA3-W3","Conn_01x01_Female","Connector_Wire:SolderWirePad_1x01_Drill1mm","Generic connector, single row, 01x01, script generated (kicad-library-utils/schlib/autogen/connector/)",""
"J91, ","1","CYNA4-W3","Conn_01x01_Female","Connector_Wire:SolderWirePad_1x01_Drill1mm","Generic connector, single row, 01x01, script generated (kicad-library-utils/schlib/autogen/connector/)",""
"J92, ","1","atk1W","Conn_01x01_Female","Connector_Wire:SolderWirePad_1x01_Drill1mm","Generic connector, single row, 01x01, script generated (kicad-library-utils/schlib/autogen/connector/)",""
"J93, ","1","tune","Conn_01x01_Female","Connector_Wire:SolderWirePad_1x01_Drill1mm","Generic connector, single row, 01x01, script generated (kicad-library-utils/schlib/autogen/connector/)",""
"J94, ","1","dist1W","Conn_01x01_Female","Connector_Wire:SolderWirePad_1x01_Drill1mm","Generic connector, single row, 01x01, script generated (kicad-library-utils/schlib/autogen/connector/)",""
"J95, ","1","snap1","Conn_01x01_Female","Connector_Wire:SolderWirePad_1x01_Drill1mm","Generic connector, single row, 01x01, script generated (kicad-library-utils/schlib/autogen/connector/)",""
"J96, ","1","Tone1","Conn_01x01_Female","Connector_Wire:SolderWirePad_1x01_Drill1mm","Generic connector, single row, 01x01, script generated (kicad-library-utils/schlib/autogen/connector/)",""
"J97, ","1","CYNA5-W3","Conn_01x01_Female","Connector_Wire:SolderWirePad_1x01_Drill1mm","Generic connector, single row, 01x01, script generated (kicad-library-utils/schlib/autogen/connector/)",""
"J98, ","1","CYNA6-W3","Conn_01x01_Female","Connector_Wire:SolderWirePad_1x01_Drill1mm","Generic connector, single row, 01x01, script generated (kicad-library-utils/schlib/autogen/connector/)",""
"J99, ","1","CYNB1-1","Conn_01x01_Female","Connector_Wire:SolderWirePad_1x01_Drill1mm","Generic connector, single row, 01x01, script generated (kicad-library-utils/schlib/autogen/connector/)",""
"J100, ","1","CYNB2-1","Conn_01x01_Female","Connector_Wire:SolderWirePad_1x01_Drill1mm","Generic connector, single row, 01x01, script generated (kicad-library-utils/schlib/autogen/connector/)",""
"J101, ","1","Tone2","Conn_01x01_Female","Connector_Wire:SolderWirePad_1x01_Drill1mm","Generic connector, single row, 01x01, script generated (kicad-library-utils/schlib/autogen/connector/)",""
"J102, ","1","atk3","Conn_01x01_Female","Connector_Wire:SolderWirePad_1x01_Drill1mm","Generic connector, single row, 01x01, script generated (kicad-library-utils/schlib/autogen/connector/)",""
"J103, ","1","CYNB3-1","Conn_01x01_Female","Connector_Wire:SolderWirePad_1x01_Drill1mm","Generic connector, single row, 01x01, script generated (kicad-library-utils/schlib/autogen/connector/)",""
"J104, ","1","dist3","Conn_01x01_Female","Connector_Wire:SolderWirePad_1x01_Drill1mm","Generic connector, single row, 01x01, script generated (kicad-library-utils/schlib/autogen/connector/)",""
"J105, ","1","snap3w","Conn_01x01_Female","Connector_Wire:SolderWirePad_1x01_Drill1mm","Generic connector, single row, 01x01, script generated (kicad-library-utils/schlib/autogen/connector/)",""
"J106, ","1","Tone3","Conn_01x01_Female","Connector_Wire:SolderWirePad_1x01_Drill1mm","Generic connector, single row, 01x01, script generated (kicad-library-utils/schlib/autogen/connector/)",""
"J107, ","1","tune3","Conn_01x01_Female","Connector_Wire:SolderWirePad_1x01_Drill1mm","Generic connector, single row, 01x01, script generated (kicad-library-utils/schlib/autogen/connector/)",""
"J108, ","1","depth1","Conn_01x01_Female","Connector_Wire:SolderWirePad_1x01_Drill1mm","Generic connector, single row, 01x01, script generated (kicad-library-utils/schlib/autogen/connector/)",""
"J109, ","1","dec1w","Conn_01x01_Female","Connector_Wire:SolderWirePad_1x01_Drill1mm","Generic connector, single row, 01x01, script generated (kicad-library-utils/schlib/autogen/connector/)",""
"J110, ","1","tunew","Conn_01x01_Female","Connector_Wire:SolderWirePad_1x01_Drill1mm","Generic connector, single row, 01x01, script generated (kicad-library-utils/schlib/autogen/connector/)",""
"J111, ","1","depthw","Conn_01x01_Female","Connector_Wire:SolderWirePad_1x01_Drill1mm","Generic connector, single row, 01x01, script generated (kicad-library-utils/schlib/autogen/connector/)",""
"J112, ","1","CYNB4-1","Conn_01x01_Female","Connector_Wire:SolderWirePad_1x01_Drill1mm","Generic connector, single row, 01x01, script generated (kicad-library-utils/schlib/autogen/connector/)",""
"J113, ","1","tune1","Conn_01x01_Female","Connector_Wire:SolderWirePad_1x01_Drill1mm","Generic connector, single row, 01x01, script generated (kicad-library-utils/schlib/autogen/connector/)",""
"J114, ","1","depth3","Conn_01x01_Female","Connector_Wire:SolderWirePad_1x01_Drill1mm","Generic connector, single row, 01x01, script generated (kicad-library-utils/schlib/autogen/connector/)",""
"J115, ","1","dec3","Conn_01x01_Female","Connector_Wire:SolderWirePad_1x01_Drill1mm","Generic connector, single row, 01x01, script generated (kicad-library-utils/schlib/autogen/connector/)",""
"J116, ","1","Glitch_LFO","Conn_01x01_Female","Connector_Wire:SolderWirePad_1x01_Drill1mm","Generic connector, single row, 01x01, script generated (kicad-library-utils/schlib/autogen/connector/)",""
"J117, ","1","Glitch_In","Conn_01x01_Female","Connector_Wire:SolderWirePad_1x01_Drill1mm","Generic connector, single row, 01x01, script generated (kicad-library-utils/schlib/autogen/connector/)",""
"J118, ","1","Kick_Out","Conn_01x01_Female","Connector_Wire:SolderWirePad_1x01_Drill1mm","Generic connector, single row, 01x01, script generated (kicad-library-utils/schlib/autogen/connector/)",""
"J119, ","1","Snare_Out","Conn_01x01_Female","Connector_Wire:SolderWirePad_1x01_Drill1mm","Generic connector, single row, 01x01, script generated (kicad-library-utils/schlib/autogen/connector/)",""
"J120, ","1","CYN1_Out","Conn_01x01_Female","Connector_Wire:SolderWirePad_1x01_Drill1mm","Generic connector, single row, 01x01, script generated (kicad-library-utils/schlib/autogen/connector/)",""
"J121, ","1","CYN2_Out","Conn_01x01_Female","Connector_Wire:SolderWirePad_1x01_Drill1mm","Generic connector, single row, 01x01, script generated (kicad-library-utils/schlib/autogen/connector/)",""
"J122, ","1","Filt_Aux1","Conn_01x01_Female","Connector_Wire:SolderWirePad_1x01_Drill1mm","Generic connector, single row, 01x01, script generated (kicad-library-utils/schlib/autogen/connector/)",""
"J123, ","1","Filt_Aux2","Conn_01x01_Female","Connector_Wire:SolderWirePad_1x01_Drill1mm","Generic connector, single row, 01x01, script generated (kicad-library-utils/schlib/autogen/connector/)",""
"J124, ","1","Kick_Vel","Conn_01x01_Female","Connector_Wire:SolderWirePad_1x01_Drill1mm","Generic connector, single row, 01x01, script generated (kicad-library-utils/schlib/autogen/connector/)",""
"J125, ","1","Snare_Vel","Conn_01x01_Female","Connector_Wire:SolderWirePad_1x01_Drill1mm","Generic connector, single row, 01x01, script generated (kicad-library-utils/schlib/autogen/connector/)",""
"J126, ","1","CYN1_Vel","Conn_01x01_Female","Connector_Wire:SolderWirePad_1x01_Drill1mm","Generic connector, single row, 01x01, script generated (kicad-library-utils/schlib/autogen/connector/)",""
"J127, ","1","CYN2_Vel","Conn_01x01_Female","Connector_Wire:SolderWirePad_1x01_Drill1mm","Generic connector, single row, 01x01, script generated (kicad-library-utils/schlib/autogen/connector/)",""
"J128, ","1","CYNB5-1","Conn_01x01_Female","Connector_Wire:SolderWirePad_1x01_Drill1mm","Generic connector, single row, 01x01, script generated (kicad-library-utils/schlib/autogen/connector/)",""
"J129, ","1","CYNB6-1","Conn_01x01_Female","Connector_Wire:SolderWirePad_1x01_Drill1mm","Generic connector, single row, 01x01, script generated (kicad-library-utils/schlib/autogen/connector/)",""
"J130, ","1","CYNB1-W3","Conn_01x01_Female","Connector_Wire:SolderWirePad_1x01_Drill1mm","Generic connector, single row, 01x01, script generated (kicad-library-utils/schlib/autogen/connector/)",""
"J131, ","1","CYNB2-W3","Conn_01x01_Female","Connector_Wire:SolderWirePad_1x01_Drill1mm","Generic connector, single row, 01x01, script generated (kicad-library-utils/schlib/autogen/connector/)",""
"J132, ","1","CYNB3-W3","Conn_01x01_Female","Connector_Wire:SolderWirePad_1x01_Drill1mm","Generic connector, single row, 01x01, script generated (kicad-library-utils/schlib/autogen/connector/)",""
"J133, ","1","BD_TRIG_OUT","AudioJack_Switched_Mono","mason_parts:PJ301-BM","",""
"J134, ","1","SN_TRIG_OUT","AudioJack_Switched_Mono","mason_parts:PJ301-BM","",""
"J135, ","1","CYN1_TRIG_OUT","AudioJack_Switched_Mono","mason_parts:PJ301-BM","",""
"J136, ","1","CYN2_TRIG_OUT","AudioJack_Switched_Mono","mason_parts:PJ301-BM","",""
"J137, ","1","GLITCH_TRIG_OUT","AudioJack_Switched_Mono","mason_parts:PJ301-BM","",""
"J138, ","1","DIGI1_TRIG_OUT","AudioJack_Switched_Mono","mason_parts:PJ301-BM","",""
"J139, ","1","DIGI2_TRIG_OUT","AudioJack_Switched_Mono","mason_parts:PJ301-BM","",""
"J140, ","1","DIGI3_TRIG_OUT","AudioJack_Switched_Mono","mason_parts:PJ301-BM","",""
"J141, ","1","CYNB4-W3","Conn_01x01_Female","Connector_Wire:SolderWirePad_1x01_Drill1mm","Generic connector, single row, 01x01, script generated (kicad-library-utils/schlib/autogen/connector/)",""
"J142, ","1","Clock_In","Conn_01x01_Female","Connector_Wire:SolderWirePad_1x01_Drill1mm","Generic connector, single row, 01x01, script generated (kicad-library-utils/schlib/autogen/connector/)",""
"J143, ","1","CYNB5-W3","Conn_01x01_Female","Connector_Wire:SolderWirePad_1x01_Drill1mm","Generic connector, single row, 01x01, script generated (kicad-library-utils/schlib/autogen/connector/)",""
"J144, ","1","CYNB6-W3","Conn_01x01_Female","Connector_Wire:SolderWirePad_1x01_Drill1mm","Generic connector, single row, 01x01, script generated (kicad-library-utils/schlib/autogen/connector/)",""
"J145, ","1","Conn_01x08_Female","Conn_01x08_Female","Connector_PinSocket_2.54mm:PinSocket_1x08_P2.54mm_Vertical","Generic connector, single row, 01x08, script generated (kicad-library-utils/schlib/autogen/connector/)",""
"J146, ","1","AuxPot1","Conn_01x01_Female","Connector_Wire:SolderWirePad_1x01_Drill1mm","Generic connector, single row, 01x01, script generated (kicad-library-utils/schlib/autogen/connector/)",""
"J148, J147, ","2","AuxPot2","Conn_01x01_Female","Connector_Wire:SolderWirePad_1x01_Drill1mm","Generic connector, single row, 01x01, script generated (kicad-library-utils/schlib/autogen/connector/)",""
"J149, ","1","AuxPot1A","Conn_01x01_Female","Connector_Wire:SolderWirePad_1x01_Drill1mm","Generic connector, single row, 01x01, script generated (kicad-library-utils/schlib/autogen/connector/)",""
"J151, J150, ","2","AuxPot2A","Conn_01x01_Female","Connector_Wire:SolderWirePad_1x01_Drill1mm","Generic connector, single row, 01x01, script generated (kicad-library-utils/schlib/autogen/connector/)",""
"JP1, ","1","Muting","Jumper_NO_Small","Jumper:SolderJumper-2_P1.3mm_Open_RoundedPad1.0x1.5mm","Jumper, normally open, small symbol",""
"JP2, ","1","Internal_Filt","Jumper_NO_Small","Jumper:SolderJumper-2_P1.3mm_Open_RoundedPad1.0x1.5mm","Jumper, normally open, small symbol",""
"Q1, Q13, ","2","MMBT3906","MMBT3906","Package_TO_SOT_SMD:SOT-23","-0.2A Ic, -40V Vce, Small Signal PNP Transistor, SOT-23",""
"Q2, ","1","Q_NPN_ECB","Q_NPN_ECB","Package_TO_SOT_THT:TO-92_Inline_Wide","NPN transistor, emitter/collector/base",""
"Q14, Q3, Q4, Q5, Q6, Q10, Q9, Q8, Q7, Q12, Q11, ","11","MMBT3904","MMBT3904","Package_TO_SOT_SMD:SOT-23","0.2A Ic, 40V Vce, Small Signal NPN Transistor, SOT-23",""
"Q15, Q22, Q16, Q17, Q18, Q19, Q20, Q21, ","8","2N7000","2N7000","Package_TO_SOT_SMD:SOT-23_Handsoldering","0.2A Id, 200V Vds, N-Channel MOSFET, 2.6V Logic Level, TO-92",""
"Q23, ","1","2N3904","2N3904","Package_TO_SOT_THT:TO-92_Inline_Wide","0.2A Ic, 40V Vce, Small Signal NPN Transistor, TO-92",""
"R1, R4, R5, R6, R7, R8, R9, R10, R11, R12, R13, R14, R15, R16, R25, R26, R27, R28, R29, R30, R31, R32, R17, R18, R21, R22, R3, R2, R160, R159, R158, R161, R204, R177, ","34","220","R_US","Resistor_SMD:R_0603_1608Metric_Pad1.05x0.95mm_HandSolder","Resistor, US symbol",""
"R19, R20, R23, R24, R83, R94, R157, R140, R206, R162, ","10","1k","R_US","Resistor_SMD:R_0603_1608Metric_Pad1.05x0.95mm_HandSolder","Resistor, US symbol",""
"R33, R36, R34, R35, R37, R40, R38, R39, R41, R42, R44, R46, R48, R50, R52, R54, R57, R58, R60, R62, R64, R66, R68, R70, R72, R71, R69, R67, R65, R63, R56, R55, R53, R51, R49, R47, R43, R45, R59, R61, R187, R186, R82, R73, R74, R75, R76, R77, R78, R178, R179, R79, R112, R116, R113, R117, R114, R118, R115, R119, R120, R124, R121, R125, R122, R126, R123, R127, R139, R131, R197, R198, R180, R163, R164, R165, R166, R172, R171, R201, R185, ","81","10k","R_US","Resistor_SMD:R_0603_1608Metric_Pad1.05x0.95mm_HandSolder","Resistor, US symbol",""
"R80, R154, R138, R167, R168, R169, R170, R173, R174, ","9","4k7","R_US","Resistor_SMD:R_0603_1608Metric_Pad1.05x0.95mm_HandSolder","Resistor, US symbol",""
"R81, R155, R208, R207, R183, ","5","470k","R_US","Resistor_SMD:R_0603_1608Metric_Pad1.05x0.95mm_HandSolder","Resistor, US symbol",""
"R84, R136, R137, ","3","22k","R_US","Resistor_SMD:R_0603_1608Metric_Pad1.05x0.95mm_HandSolder","Resistor, US symbol",""
"R85, R88, R87, R86, R92, R146, R145, R144, R134, R132, R135, R143, R128, R129, R195, ","15","100k","R_US","Resistor_SMD:R_0603_1608Metric_Pad1.05x0.95mm_HandSolder","Resistor, US symbol",""
"R89, ","1","18k","R_US","Resistor_SMD:R_0603_1608Metric_Pad1.05x0.95mm_HandSolder","Resistor, US symbol",""
"R90, ","1","187k","R_US","Resistor_SMD:R_0603_1608Metric_Pad1.05x0.95mm_HandSolder","Resistor, US symbol",""
"R91, ","1","11.5k","R_US","Resistor_SMD:R_0603_1608Metric_Pad1.05x0.95mm_HandSolder","Resistor, US symbol",""
"R95, ","1","499k","R_US","Resistor_SMD:R_0603_1608Metric_Pad1.05x0.95mm_HandSolder","Resistor, US symbol",""
"R96, ","1","68k","R_US","Resistor_SMD:R_0603_1608Metric_Pad1.05x0.95mm_HandSolder","Resistor, US symbol",""
"R97, ","1","24k3","R_US","Resistor_SMD:R_0603_1608Metric_Pad1.05x0.95mm_HandSolder","Resistor, US symbol",""
"R99, R98, ","2","200","R_US","Resistor_SMD:R_0603_1608Metric_Pad1.05x0.95mm_HandSolder","Resistor, US symbol",""
"R100, ","1","13k","R_US","Resistor_SMD:R_0603_1608Metric_Pad1.05x0.95mm_HandSolder","Resistor, US symbol",""
"R102, R101, R93, ","3","33k","R_US","Resistor_SMD:R_0603_1608Metric_Pad1.05x0.95mm_HandSolder","Resistor, US symbol",""
"R103, R150, ","2","100R","R_US","Resistor_SMD:R_0603_1608Metric_Pad1.05x0.95mm_HandSolder","Resistor, US symbol",""
"R104, R191, R105, R106, R107, R108, R109, R190, R130, ","9","470","R_US","Resistor_SMD:R_0603_1608Metric_Pad1.05x0.95mm_HandSolder","Resistor, US symbol",""
"R110, R193, R111, R175, R176, R188, R189, R192, ","8","2k2","R_US","Resistor_SMD:R_0603_1608Metric_Pad1.05x0.95mm_HandSolder","Resistor, US symbol",""
"R142, ","1","3k3","R_US","Resistor_SMD:R_0603_1608Metric_Pad1.05x0.95mm_HandSolder","Resistor, US symbol",""
"R148, R147, R141, ","3","2k","R_US","Resistor_SMD:R_0603_1608Metric_Pad1.05x0.95mm_HandSolder","Resistor, US symbol",""
"R149, R156, R133, ","3","47k","R_US","Resistor_SMD:R_0603_1608Metric_Pad1.05x0.95mm_HandSolder","Resistor, US symbol",""
"R151, ","1","120k","R_US","Resistor_SMD:R_0603_1608Metric_Pad1.05x0.95mm_HandSolder","Resistor, US symbol",""
"R152, R184, ","2","20k","R_US","Resistor_SMD:R_0603_1608Metric_Pad1.05x0.95mm_HandSolder","Resistor, US symbol",""
"R153, R194, ","2","2M","R_US","Resistor_SMD:R_0603_1608Metric_Pad1.05x0.95mm_HandSolder","Resistor, US symbol",""
"R181, ","1","0","R_US","Resistor_SMD:R_0603_1608Metric_Pad1.05x0.95mm_HandSolder","Resistor, US symbol",""
"R182, ","1","50k","R_US","Resistor_SMD:R_0603_1608Metric_Pad1.05x0.95mm_HandSolder","Resistor, US symbol",""
"R196, ","1","4M7","R_US","Resistor_SMD:R_0603_1608Metric_Pad1.05x0.95mm_HandSolder","Resistor, US symbol",""
"R200, R199, ","2","2M","R_US","Resistor_THT:R_Axial_DIN0207_L6.3mm_D2.5mm_P7.62mm_Horizontal","Resistor, US symbol",""
"R203, R202, ","2","10","R_US","Resistor_SMD:R_0603_1608Metric_Pad1.05x0.95mm_HandSolder","Resistor, US symbol",""
"RV1, RV2, RV3, RV4, RV5, RV6, RV7, RV9, RV10, RV12, RV13, RV18, RV27, RV29, RV32, RV34, RV21, RV22, RV23, RV24, RV30, RV40, RV33, RV49, RV57, RV52, RV66, RV8, RV54, RV55, RV53, ","31","100k","R_POT_US","mason_parts:masonsPotentiometer_Alpha_RD901F-40-00D_Single_Vertical","Potentiometer, US symbol",""
"RV16, ","1","1M","R_POT_TRIM_US","Potentiometer_THT:Potentiometer_Runtron_RM-065_Vertical","Trim-potentiometer, US symbol",""
"RV17, RV20, ","2","50k","R_POT_TRIM_US","Potentiometer_THT:Potentiometer_Runtron_RM-065_Vertical","Trim-potentiometer, US symbol",""
"RV19, ","1","100R","R_POT_US","mason_parts:masonsPotentiometer_Alpha_RD901F-40-00D_Single_Vertical","Potentiometer, US symbol",""
"RV28, RV26, RV25, RV11, RV15, ","5","100k","R_POT_TRIM_US","Potentiometer_THT:Potentiometer_Runtron_RM-065_Vertical","Trim-potentiometer, US symbol",""
"RV31, RV50, ","2","25k","R_POT_US","mason_parts:masonsPotentiometer_Alpha_RD901F-40-00D_Single_Vertical","Potentiometer, US symbol",""
"RV35, RV14, ","2","50k","R_POT_US","mason_parts:masonsPotentiometer_Alpha_RD901F-40-00D_Single_Vertical","Potentiometer, US symbol",""
"RV39, RV56, ","2","1k","R_POT_US","mason_parts:masonsPotentiometer_Alpha_RD901F-40-00D_Single_Vertical","Potentiometer, US symbol",""
"RV59, ","1","470","R_POT_US","mason_parts:Amphenol_Trimpot","Potentiometer, US symbol",""
"RV60, RV61, RV62, RV64, ","4","10k","R_POT_US","mason_parts:masonsPotentiometer_Alpha_RD901F-40-00D_Single_Vertical","Potentiometer, US symbol",""
"RV63, RV36, RV37, RV38, RV41, RV42, RV43, RV44, RV45, RV46, RV47, RV48, RV51, ","13","500k","R_POT_US","mason_parts:masonsPotentiometer_Alpha_RD901F-40-00D_Single_Vertical","Potentiometer, US symbol",""
"RV65, ","1","1M","R_POT_US","mason_parts:masonsPotentiometer_Alpha_RD901F-40-00D_Single_Vertical","Potentiometer, US symbol",""
"RV67, RV68, RV69, RV70, RV72, RV71, ","6","10k","R_POT_TRIM_US","Potentiometer_THT:Potentiometer_Runtron_RM-065_Vertical","Trim-potentiometer, US symbol",""
"SW1, ","1","DataEnc","Rotary_Encoder_Switch","Rotary_Encoder:RotaryEncoder_Alps_EC11E-Switch_Vertical_H20mm","Rotary encoder, dual channel, incremental quadrate outputs, with switch",""
"SW2, ","1","TempoEnc","Rotary_Encoder_Switch","Rotary_Encoder:RotaryEncoder_Alps_EC11E-Switch_Vertical_H20mm","Rotary encoder, dual channel, incremental quadrate outputs, with switch",""
"SW3, ","1","Step1","SW_Push_LED","mason_parts:CFPB-1CC-5G9","Push button switch with LED, generic",""
"SW4, ","1","Step2","SW_Push_LED","mason_parts:CFPB-1CC-5G9","Push button switch with LED, generic",""
"SW5, ","1","Step3","SW_Push_LED","mason_parts:CFPB-1CC-5G9","Push button switch with LED, generic",""
"SW6, ","1","Step4","SW_Push_LED","mason_parts:CFPB-1CC-5G9","Push button switch with LED, generic",""
"SW7, ","1","Step5","SW_Push_LED","mason_parts:CFPB-1CC-5G9","Push button switch with LED, generic",""
"SW8, ","1","Step6","SW_Push_LED","mason_parts:CFPB-1CC-5G9","Push button switch with LED, generic",""
"SW9, ","1","Step7","SW_Push_LED","mason_parts:CFPB-1CC-5G9","Push button switch with LED, generic",""
"SW10, ","1","Step8","SW_Push_LED","mason_parts:CFPB-1CC-5G9","Push button switch with LED, generic",""
"SW11, ","1","inst_sel","SW_Push_LED","mason_parts:CFPB-1CC-5G9","Push button switch with LED, generic",""
"SW12, ","1","save","SW_Push_LED","mason_parts:CFPB-1CC-5G9","Push button switch with LED, generic",""
"SW13, ","1","shift","SW_Push_LED","mason_parts:CFPB-1CC-5G9","Push button switch with LED, generic",""
"SW14, ","1","song","SW_Push_LED","mason_parts:CFPB-1CC-5G9","Push button switch with LED, generic",""
"SW15, ","1","pattern","SW_Push_LED","mason_parts:CFPB-1CC-5G9","Push button switch with LED, generic",""
"SW16, ","1","bank","SW_Push_LED","mason_parts:CFPB-1CC-5G9","Push button switch with LED, generic",""
"SW17, ","1","play/pause","SW_Push_LED","mason_parts:CFPB-1CC-5G9","Push button switch with LED, generic",""
"SW18, ","1","stop","SW_Push_LED","mason_parts:CFPB-1CC-5G9","Push button switch with LED, generic",""
"SW19, ","1","Step9","SW_Push_LED","mason_parts:CFPB-1CC-5G9","Push button switch with LED, generic",""
"SW20, ","1","Step10","SW_Push_LED","mason_parts:CFPB-1CC-5G9","Push button switch with LED, generic",""
"SW21, ","1","Step11","SW_Push_LED","mason_parts:CFPB-1CC-5G9","Push button switch with LED, generic",""
"SW22, ","1","Step12","SW_Push_LED","mason_parts:CFPB-1CC-5G9","Push button switch with LED, generic",""
"SW23, ","1","Step13","SW_Push_LED","mason_parts:CFPB-1CC-5G9","Push button switch with LED, generic",""
"SW24, ","1","Step14","SW_Push_LED","mason_parts:CFPB-1CC-5G9","Push button switch with LED, generic",""
"SW25, ","1","Step15","SW_Push_LED","mason_parts:CFPB-1CC-5G9","Push button switch with LED, generic",""
"SW26, ","1","Step16","SW_Push_LED","mason_parts:CFPB-1CC-5G9","Push button switch with LED, generic",""
"SW27, ","1","back","SW_Push_LED","mason_parts:CFPB-1CC-5G9","Push button switch with LED, generic",""
"SW28, ","1","forwards","SW_Push_LED","mason_parts:CFPB-1CC-5G9","Push button switch with LED, generic",""
"SW29, ","1","mute","SW_Push_LED","mason_parts:CFPB-1CC-5G9","Push button switch with LED, generic",""
"SW30, ","1","step","SW_Push_LED","mason_parts:CFPB-1CC-5G9","Push button switch with LED, generic",""
"SW31, ","1","beatRep1","SW_Push_LED","mason_parts:CFPB-1CC-5G9","Push button switch with LED, generic",""
"SW32, ","1","beatRep2","SW_Push_LED","mason_parts:CFPB-1CC-5G9","Push button switch with LED, generic",""
"SW33, ","1","SW_SPDT","SW_SPDT","mason_parts:one-pole-switch","Switch, single pole double throw",""
"TP1, ","1","Mix","TestPoint","TestPoint:TestPoint_Loop_D2.50mm_Drill1.0mm","test point",""
"TP2, ","1","Glitch_LFO","TestPoint","TestPoint:TestPoint_Loop_D2.50mm_Drill1.0mm","test point",""
"TP3, ","1","Glitch_Env","TestPoint","TestPoint:TestPoint_Loop_D2.50mm_Drill1.0mm","test point",""
"TP4, ","1","Glitch_Sig","TestPoint","TestPoint:TestPoint_Loop_D2.50mm_Drill1.0mm","test point",""
"U4, U3, U29, U1, ","4","TL074","TL074","Package_SO:SOIC-14_3.9x8.7mm_P1.27mm","Quad Low-Noise JFET-Input Operational Amplifiers, DIP-14/SOIC-14",""
"U5, ","1","Teensy4.1","Teensy4.1","teensy pretty:Teensy41","",""
"U6, U7, U9, U8, U23, U18, ","6","74HC595","74HC595","Package_SO:SOIC-16_3.9x9.9mm_P1.27mm","8-bit serial in/out Shift Register 3-State Outputs",""
"U10, U12, U19, U13, U11, U14, U15, ","7","CD4051B","CD4051B","Package_SO:SOIC-16_3.9x9.9mm_P1.27mm","CMOS single 8-channel analog multiplexer demultiplexer, TSSOP-16/DIP-16/SOIC-16",""
"U16, ","1","LM13700","LM13700","Package_SO:SOIC-16_3.9x9.9mm_P1.27mm","Dual Operational Transconductance Amplifiers with Linearizing Diodes and Buffers, DIP-16/SOIC-16",""
"U17, ","1","SSI2144","SSI2144","Package_SO:SSOP-16_3.9x4.9mm_P0.635mm","Four-pole VCF, SSOP-16",""
"U20, ","1","LM555","LM555","Package_DIP:DIP-8_W7.62mm_Socket","Timer, DIP-8/SOIC-8/SSOP-8",""
"U21, ","1","74LS04","74LS04","Package_SO:SOIC-14_3.9x8.7mm_P1.27mm","Hex Inverter",""
"U22, ","1","PC817","PC817","Package_DIP:DIP-4_W7.62mm","DC Optocoupler, Vce 35V, CTR 50-300%, DIP4",""
"U24, ","1","Nokia5110","Nokia5110","mason_parts:Nokia5110Breakout","",""
"U25, ","1","Teensy_Audio_Shield","Teensy_Audio_Shield","","",""
"U26, ","1","SP3TCYNA","SP3T","mason_parts:two-pole-switch","",""
"U27, ","1","SP3TCYNB","SP3T","mason_parts:two-pole-switch","",""
"U28, ","1","NJM2073S","NJM2073S","Package_SIP:SIP-9_21.54x3mm_P2.54mm","",""
"U30, ","1","NE5532","NE5532","Package_DIP:DIP-8_W7.62mm_Socket","Dual Low-Noise Operational Amplifiers, DIP-8/SOIC-8",""
"U31, U32, U2, ","3","TL072","TL072","Package_SO:SOIC-8_3.9x4.9mm_P1.27mm","Dual Low-Noise JFET-Input Operational Amplifiers, DIP-8/SOIC-8",""
"U34, U33, ","2","LM386","LM386","Package_DIP:DIP-8_W7.62mm_Socket","Low Voltage Audio Power Amplifier, DIP-8/SOIC-8/SSOP-8",""
